timestamp,entries
2024-02-29,5001
2024-03-01,12061
2024-03-02,18361
2024-03-03,24016
2024-03-04,31588
2024-03-05,37336
2024-03-06,43403
2024-03-07,49370
2024-03-08,55212
2024-03-09,61121
2024-03-10,67482
2024-03-11,75151
2024-03-12,80556
2024-03-13,88264
2024-03-14,94992
2024-03-15,100562
2024-03-16,105851
2024-03-17,112107
2024-03-18,119829
2024-03-19,127043
2024-03-20,134638
2024-03-21,140306
2024-03-22,147243
2024-03-23,152299
2024-03-24,157994
2024-03-25,163676
2024-03-26,169940
2024-03-27,177240
2024-03-28,184123
2024-03-29,190247
2024-03-30,196521
2024-03-31,202588
2024-04-01,209178
2024-04-02,216992
2024-04-03,224885
2024-04-04,229959
2024-04-05,235672
2024-04-06,242397
2024-04-07,249497
2024-04-08,257324
2024-04-09,265313
2024-04-10,270898
2024-04-11,275905
2024-04-12,281413
2024-04-13,289164
2024-04-14,297105
2024-04-15,302590
2024-04-16,310572
2024-04-17,315701
2024-04-18,323460
2024-04-19,330282
